Location,NDVI Index
NSW Centre,0.2503563463687897
Sydney,0.03421855345368385
Carrai Creek,0.27875468134880066
